parameter_name,parameter_value,cutoff_ev,delta_e,num_bands,lambda_total,t_gate_proxy,qubits_proxy,score
cutoff_ev,400.0,400.0,0.001,16,276.9749,276974.92,31,362837.15
cutoff_ev,450.0,450.0,0.001,16,293.7763,293776.27,31,384846.91
cutoff_ev,500.0,500.0,0.001,16,309.6674,309667.38,31,405664.26
cutoff_ev,550.0,550.0,0.001,16,324.7819,324781.89,31,425464.27
cutoff_ev,600.0,600.0,0.001,16,339.2236,339223.62,32,447775.17
delta_e,0.0005,520.0,0.0005,16,315.8,631600.0,32,833712.0
delta_e,0.001,520.0,0.001,16,315.8,315800.0,31,413698.0
delta_e,0.002,520.0,0.002,16,315.8,157900.0,30,205270.0
num_bands,12.0,520.0,0.001,12.0,293.885,293885.01,31,384989.37
num_bands,16.0,520.0,0.001,16.0,315.8,315800.0,31,413698.0
num_bands,20.0,520.0,0.001,20.0,333.9178,333917.84,31,437432.38
num_bands,24.0,520.0,0.001,24.0,349.4902,349490.15,31,457832.1
